epoch,EpisodesSoFar,EpLenMean,avg_reward,entropy_of_sampling_state,number_of_options_changed, op_probs
1,10,200.0,-7.940524329356985,1909.13415331451,1003,0.5116274356842041,0.48837268352508545
2,20,200.0,-1.131924872878733,1952.595855882268,1069,0.4929560124874115,0.5070439577102661
3,30,200.0,18.957501621825234,1812.4320398926811,991,0.5127401947975159,0.48725971579551697
4,40,200.0,5.186752650749279,1786.9193100887348,895,0.5340765714645386,0.46592360734939575
5,51,200.0,6.341864636674218,1521.631636658081,837,0.5527499318122864,0.44725000858306885
6,61,200.0,23.968977480372683,1498.125800379729,883,0.5582359433174133,0.44176366925239563
7,71,200.0,3.3287873502635366,1609.5726269468607,916,0.4524857997894287,0.5475140810012817
8,81,200.0,14.639982657428163,1378.196952188032,917,0.502345621585846,0.49765443801879883
9,92,200.0,24.75556180277139,1382.002733941332,854,0.47976014018058777,0.5202392935752869
10,102,200.0,31.539236978872033,1314.0962118612943,843,0.4445805251598358,0.5554192662239075
11,112,200.0,-1.6417071843216846,1278.104937977545,765,0.4246571660041809,0.5753417611122131
12,122,200.0,28.390460254003465,1189.5930322454606,782,0.45617789030075073,0.543822169303894
13,133,200.0,7.054905194145292,1146.6979943455785,732,0.36170291900634766,0.6382968425750732
14,143,200.0,35.05906219602619,1161.7480952607618,834,0.383889377117157,0.6161107420921326
15,153,200.0,39.664782085078585,1224.7819978462917,859,0.41293707489967346,0.5870622396469116
16,163,200.0,54.72143921284872,1159.496733644949,800,0.3757217824459076,0.6242779493331909
17,174,200.0,40.629930456509854,1036.6506045106328,726,0.37692099809646606,0.6230787038803101
18,184,200.0,34.21139758204359,931.1279496852587,706,0.38146594166755676,0.6185341477394104
19,194,200.0,53.057621318109135,857.6730030165024,640,0.3199341893196106,0.6800665259361267
20,204,200.0,35.147426990657664,785.0591267551902,655,0.35356757044792175,0.6464327573776245
21,215,200.0,55.59844136037443,830.9246808316674,723,0.37911257147789,0.620887279510498
22,225,200.0,59.64712863289085,779.6002654269943,604,0.28272953629493713,0.7172691226005554
23,235,200.0,37.68508737784615,802.9999154984032,641,0.3183797001838684,0.6816198825836182
24,245,200.0,49.48332406842464,698.4380515943767,570,0.2823050916194916,0.7176953554153442
25,256,200.0,53.0172032258544,739.0301777435492,527,0.2764812111854553,0.7235181331634521
26,266,200.0,39.67943342170094,666.2517071026106,549,0.2627619206905365,0.7372380495071411
27,276,200.0,57.62158240580413,660.5855420278197,501,0.2540874481201172,0.7459126114845276
28,286,200.0,51.18445831102212,627.3921332750893,498,0.2870432138442993,0.7129559516906738
29,296,200.0,69.27751114991678,614.180139633191,500,0.27366483211517334,0.7263354063034058
30,307,200.0,57.11841832483793,608.2552035684092,416,0.25513824820518494,0.744861364364624
31,317,200.0,66.62812399946526,570.4477834423608,449,0.26296719908714294,0.7370331883430481
32,327,200.0,81.57086032235827,440.0831571217395,308,0.18578949570655823,0.8142107725143433
33,337,200.0,60.728537786375156,610.7485948521662,426,0.285121887922287,0.7148784399032593
34,348,200.0,79.9976044899255,545.102556722592,401,0.22103804349899292,0.7789620161056519
35,358,200.0,79.88612747684337,546.083164700829,374,0.23302698135375977,0.7669738531112671
36,368,200.0,57.38654417665341,603.1328240419092,454,0.26774147152900696,0.7322582006454468
37,378,200.0,84.16681284147391,354.413556031781,237,0.13971519470214844,0.8602854013442993
38,389,200.0,86.75267106055213,388.5828146878549,319,0.2104855477809906,0.7895148992538452
39,399,200.0,89.55780150533067,409.7837765558349,348,0.2449127733707428,0.7550891637802124
40,409,200.0,92.05273899750527,340.3370441964625,266,0.16597139835357666,0.834029495716095
41,419,200.0,91.55820829082329,309.9558672449452,228,0.15827743709087372,0.8417233824729919
42,430,200.0,83.8496942631509,385.5028601393526,284,0.166605606675148,0.8333954215049744
43,440,200.0,92.19019151742505,354.18939583377005,310,0.15992328524589539,0.8400775194168091
44,450,200.0,93.43911192529585,403.41032996503867,316,0.17982691526412964,0.8201745748519897
45,460,200.0,97.29703370366491,407.64000588086515,366,0.209276020526886,0.7907249927520752
46,471,200.0,124.70441003989313,420.96678824231617,391,0.20614001154899597,0.7938604950904846
47,481,200.0,132.24971542252655,407.415915511951,265,0.22106677293777466,0.7789329290390015
48,491,200.0,116.84643457146976,359.201246954771,292,0.1982761025428772,0.801724374294281
49,501,200.0,119.94212574802422,370.4081366040589,313,0.3149639666080475,0.6850374937057495
50,512,200.0,111.42504516115036,335.64159102488844,308,0.2815047800540924,0.7184970378875732
51,522,200.0,134.616439965449,263.7075104857234,272,0.2209423929452896,0.7790582180023193
52,532,200.0,123.42171865160113,284.51723425993544,276,0.23528634011745453,0.7647138237953186
53,542,200.0,135.7379986035593,281.446975681041,282,0.21274513006210327,0.7872558236122131
54,552,200.0,113.0503656047326,296.5643021429075,264,0.21279999613761902,0.7872007489204407
55,563,200.0,125.19599946438856,247.47995103916637,267,0.1684141606092453,0.8315868973731995
56,573,200.0,116.52215355820567,321.77682346904544,370,0.26345542073249817,0.7365444898605347
57,583,200.0,132.02608348042475,298.3395470411785,334,0.2453051060438156,0.7546953558921814
58,593,200.0,143.00123010640274,249.57232311468283,279,0.22393269836902618,0.7760689854621887
59,604,200.0,151.9474947481485,224.70395432374033,222,0.18883781135082245,0.8111635446548462
60,614,200.0,138.2242695845044,209.16960192397323,220,0.21266479790210724,0.7873363494873047
61,624,200.0,167.7320193146507,188.28091089950985,215,0.16265633702278137,0.8373442888259888
62,634,200.0,153.35603731516284,263.2161666533162,282,0.24314355850219727,0.7568567991256714
63,645,200.0,157.3154048286002,235.58940008514756,277,0.2588214576244354,0.7411786913871765
64,655,200.0,179.74758195370728,171.2586529207683,167,0.16779522597789764,0.8322053551673889
65,665,200.0,155.690849912451,206.07310992415765,232,0.20697881281375885,0.7930217385292053
66,675,200.0,186.45910564360702,219.84680843181337,238,0.2211805135011673,0.7788199186325073
67,686,200.0,171.43299625365918,247.62177984917994,273,0.2490222156047821,0.750978410243988
68,696,200.0,178.8741788944782,170.78136304391748,168,0.1601240485906601,0.8398768901824951
69,706,200.0,181.05627207988857,179.6453485752461,245,0.2085287719964981,0.7914718389511108
70,716,200.0,192.12933131910881,148.7289580913131,145,0.17457012832164764,0.8254305124282837
71,727,200.0,176.2158636460034,178.8952310671795,176,0.1885102540254593,0.811490535736084
72,737,200.0,183.03818038510605,204.5281841644995,250,0.21772165596485138,0.7822785973548889
73,747,200.0,196.8652671088889,185.91802770838734,187,0.21055151522159576,0.7894490957260132
74,757,200.0,199.2312584487957,196.27096886184466,203,0.2343168705701828,0.7656838297843933
75,768,200.0,209.64893349598583,184.26135045376358,190,0.18840210139751434,0.8115987777709961
76,778,200.0,226.80047710991548,169.61927788533603,139,0.16638600826263428,0.833613395690918
77,788,200.0,195.82107061597924,135.23089408897272,119,0.1225566416978836,0.8774450421333313
78,798,200.0,201.046094015364,134.56240016273037,129,0.13988655805587769,0.8601157069206238
79,808,200.0,210.3068447283259,138.81389024302342,143,0.15748551487922668,0.8425149321556091
80,819,200.0,215.96027068736353,190.06128461389434,200,0.17795534431934357,0.8220452666282654
81,829,200.0,209.95483344739577,136.29786338608432,154,0.1422741562128067,0.8577263355255127
82,839,200.0,223.26195331773914,131.9389253308741,132,0.12176647037267685,0.8782350420951843
83,849,200.0,222.6492459247019,168.80626716595143,135,0.16341476142406464,0.8365867137908936
84,860,200.0,213.06020270459663,204.27249507264176,227,0.19228477776050568,0.8077163696289062
85,870,200.0,227.6762450752865,149.4146954685869,157,0.1447976529598236,0.8552034497261047
86,880,200.0,202.96633834466655,231.40807626186472,216,0.23195332288742065,0.7680469155311584
87,890,200.0,226.42128006396214,162.75920235351333,133,0.19390606880187988,0.806094229221344
88,901,200.0,243.97226694915335,165.28541724826695,114,0.15322835743427277,0.8467728495597839
89,911,200.0,214.5916702359422,174.71700903510398,136,0.18451210856437683,0.8154887557029724
90,921,200.0,213.45123246207245,199.48797259979287,235,0.2683316171169281,0.7316685914993286
91,931,200.0,224.0970825177473,176.70793117513264,183,0.23579411208629608,0.7642068266868591
92,942,200.0,217.1776460242701,226.29612722661267,218,0.2533842623233795,0.7466161251068115
93,952,200.0,234.23046224050253,147.16227314792252,133,0.20446553826332092,0.7955352663993835
94,962,200.0,239.69765489818184,176.60884386623547,154,0.23953069746494293,0.7604701519012451
95,972,200.0,236.43886415249736,172.15493127411096,161,0.251642644405365,0.7483576536178589
96,983,200.0,235.13987674101674,163.72298116091105,138,0.26318326592445374,0.7368172407150269
97,993,200.0,246.20555085248762,196.43637822866694,203,0.29464319348335266,0.7053568363189697
98,1003,200.0,229.77497355794935,174.90940726898978,190,0.26493149995803833,0.7350693941116333
99,1013,200.0,239.51691075724685,136.01708533449818,174,0.1724429875612259,0.827557384967804
100,1024,200.0,227.44344791912576,179.24894318848885,179,0.25269514322280884,0.7473053336143494
101,1034,200.0,239.85305990653393,202.72547647361384,209,0.2315409630537033,0.7684599757194519
102,1044,200.0,255.75289096540754,163.38937516996566,210,0.22202037274837494,0.7779797911643982
103,1054,200.0,275.6960467214511,166.42926447376743,196,0.17704150080680847,0.8229594826698303
104,1064,200.0,272.58238062554835,182.03589465081893,164,0.2406708002090454,0.7593299746513367
105,1075,200.0,267.9531325631702,187.85541653615786,182,0.2523356080055237,0.7476649880409241
106,1085,200.0,273.6814437127943,161.47056142401385,149,0.2284637987613678,0.7715371251106262
107,1095,200.0,264.9643207117986,123.96847412049105,136,0.1654692441225052,0.8345315456390381
108,1105,200.0,271.76759513781496,180.70511333831212,183,0.2626374065876007,0.7373631596565247
109,1116,200.0,270.7139381073449,158.29592549639466,170,0.2158868908882141,0.7841141223907471
110,1126,200.0,283.39236702529774,142.56763135098697,148,0.2562035918235779,0.7437965273857117
111,1136,200.0,238.8205713629004,164.83587174022534,217,0.3020937442779541,0.6979067921638489
112,1146,200.0,252.41352110162455,169.34180458604592,208,0.27541711926460266,0.7245830297470093
113,1157,200.0,244.9488609556197,185.63205571340544,227,0.3573097884654999,0.642690896987915
114,1167,200.0,248.6642851847224,185.87484209531493,171,0.34527528285980225,0.6547253727912903
115,1177,200.0,266.3984523110362,192.35745985203016,170,0.28186947107315063,0.7181311845779419
116,1187,200.0,263.9984094313887,116.1370112763563,112,0.1950380504131317,0.8049627542495728
117,1198,200.0,285.7194018178162,123.27090538745092,131,0.22651566565036774,0.7734849452972412
118,1208,200.0,287.38385152067053,152.78053385719042,204,0.2759333550930023,0.7240668535232544
119,1218,200.0,283.59594303530594,144.26209160362123,154,0.2562699317932129,0.7437303066253662
120,1228,200.0,261.8446564350892,108.30347873860156,114,0.21153013408184052,0.7884702086448669
121,1239,200.0,284.38198135740066,152.46402815339565,185,0.28507518768310547,0.7149248123168945
122,1249,200.0,248.07851557508033,209.99301741462924,196,0.3105502128601074,0.6894503831863403
123,1259,200.0,276.24922053146065,138.98035020509988,164,0.2828131318092346,0.7171883583068848
124,1269,200.0,281.2251755299632,156.82665272378617,221,0.2846854329109192,0.7153143286705017
125,1280,200.0,287.18190771780024,155.8936420904517,206,0.2973119914531708,0.7026880979537964
126,1290,200.0,269.3971441810377,153.0363527344533,209,0.2952543795108795,0.7047460079193115
127,1300,200.0,288.03847449498437,139.8138122671481,155,0.27188804745674133,0.7281126379966736
128,1310,200.0,299.2258268487423,173.9404453000608,215,0.30862918496131897,0.6913710236549377
129,1320,200.0,285.15802431724467,123.9984092373201,133,0.22030524909496307,0.7796955704689026
130,1331,200.0,284.57802082878396,138.6085514113315,157,0.30563968420028687,0.6943598985671997
131,1341,200.0,297.39194947543626,129.26990239984423,128,0.16950860619544983,0.8304915428161621
132,1351,200.0,281.2865945402224,159.8117439011842,170,0.2577732801437378,0.7422271370887756
133,1361,200.0,285.7423884137012,140.9209504421095,182,0.2560182809829712,0.7439817786216736
134,1372,200.0,285.1521612339962,153.2905615291543,205,0.23432059586048126,0.7656801342964172
135,1382,200.0,286.2868192812341,169.14360529546542,236,0.2632092237472534,0.7367905974388123
136,1392,200.0,306.96335020008746,133.36048546193817,197,0.2144855260848999,0.7855144739151001
137,1402,200.0,308.98217311174267,132.13365209698372,163,0.20775353908538818,0.7922475934028625
138,1413,200.0,292.44056327134894,165.75747127825306,213,0.24545064568519592,0.7545494437217712
139,1423,200.0,296.4525759280732,150.26671679292625,202,0.27745527029037476,0.7225446701049805
140,1433,200.0,299.0038889110471,162.7550896644534,197,0.3056345283985138,0.6943659782409668
141,1443,200.0,303.1421435733222,139.41856714304814,160,0.2574025094509125,0.7425978779792786
142,1454,200.0,286.5699016839903,151.7755226193138,158,0.26665306091308594,0.7333471775054932
143,1464,200.0,321.86938895854064,148.75936842903286,199,0.20958970487117767,0.7904108762741089
144,1474,200.0,298.73600119606897,106.98187451671603,150,0.22300001978874207,0.7770000696182251
145,1484,200.0,296.91426222273634,163.8366581090939,178,0.23681262135505676,0.7631871700286865
146,1495,200.0,328.00229610507887,113.1290000717255,159,0.189845010638237,0.8101555705070496
147,1505,200.0,296.94374097643055,142.77787920892823,182,0.26011085510253906,0.73988938331604
148,1515,200.0,287.339604710477,135.61401810278466,193,0.2547205984592438,0.7452794909477234
149,1525,200.0,291.52966876050385,138.38111753486066,213,0.2680639922618866,0.731935977935791
150,1536,200.0,261.7887046466126,144.27838650103612,181,0.2686338722705841,0.7313668727874756
151,1546,200.0,-283.85456023219245,176.7997726441281,296,0.3626483082771301,0.6373520493507385
152,1556,200.0,-296.06558093242484,139.652737705401,228,0.24849802255630493,0.7515027523040771
153,1566,200.0,-280.916166316336,148.38826771370307,274,0.27748340368270874,0.7225167751312256
154,1576,200.0,-307.1375380134365,189.11064851387755,358,0.29571759700775146,0.7042832374572754
155,1587,200.0,-226.6360137687027,171.9535610697729,355,0.30194053053855896,0.6980597972869873
156,1597,200.0,-199.42600529543603,194.4477759776538,443,0.3477973937988281,0.6522018909454346
157,1607,200.0,-144.7813183096477,157.57296219174987,437,0.458667516708374,0.541332483291626
158,1617,200.0,-131.7946026603779,166.42680642655552,468,0.4866136610507965,0.5133863091468811
159,1628,200.0,-113.43027380229265,164.65588167974025,462,0.4554423391819,0.5445575714111328
160,1638,200.0,-127.20910245641116,141.14795984510064,435,0.41498106718063354,0.5850195288658142
161,1648,200.0,-125.93088936507279,143.57860184760642,415,0.43693938851356506,0.5630608797073364
162,1658,200.0,-106.66795873063802,154.18213692106707,404,0.5204123854637146,0.4795876443386078
163,1669,200.0,-85.75423147638996,178.00274486632364,441,0.5410037636756897,0.45899611711502075
164,1679,200.0,-66.85906056179647,184.40891100752958,381,0.5320104360580444,0.4679895043373108
165,1689,200.0,-70.10351914715795,146.60909705412178,381,0.5966428518295288,0.4033567011356354
166,1699,200.0,-64.81444709796082,172.10721439422213,328,0.5826787948608398,0.41732141375541687
167,1710,200.0,-73.39193348856017,154.8932742999296,343,0.620792031288147,0.37920793890953064
168,1720,200.0,-73.79152803436969,155.50018551717562,310,0.5991528034210205,0.40084752440452576
169,1730,200.0,-45.31449620483098,174.74542169408238,295,0.6793976426124573,0.3206022381782532
170,1740,200.0,-39.51011133763622,168.47246139877532,272,0.6778191924095154,0.322180837392807
171,1751,200.0,-51.869033760848836,153.4245592809789,297,0.7402645945549011,0.2597357928752899
172,1761,200.0,-36.77050735812859,189.1760733508037,234,0.7341163754463196,0.2658841609954834
173,1771,200.0,-19.38334416803731,136.0505341353253,144,0.8444199562072754,0.15558014810085297
174,1781,200.0,-17.473848646628092,106.43267221758141,85,0.8959303498268127,0.10407005995512009
175,1792,200.0,-12.48818156880873,77.58059276295496,72,0.9265888333320618,0.0734119862318039
176,1802,200.0,-10.381471400528934,50.997970538980546,95,0.9318167567253113,0.06818364560604095
177,1812,200.0,-12.282141027165448,65.61001114292047,97,0.9056021571159363,0.09439816325902939
178,1822,200.0,7.982833479178689,43.4862364779139,72,0.9345530867576599,0.065447598695755
179,1832,200.0,4.858672433173778,28.96289461376714,67,0.9565895795822144,0.04341086372733116
180,1843,200.0,12.398163035010551,34.88858978588077,60,0.9257908463478088,0.07420934736728668
181,1853,200.0,20.427304597049186,29.460164962209824,37,0.9635380506515503,0.036462314426898956
182,1863,200.0,25.679555223919714,42.87447547320403,55,0.9446077346801758,0.055392585694789886
183,1873,200.0,31.17178796408183,40.350418685429666,50,0.9443659782409668,0.05563424527645111
184,1884,200.0,36.311497455613406,51.057847486016136,73,0.9277588129043579,0.07224162667989731
185,1894,200.0,48.05925596856872,47.05184232856171,77,0.9364699721336365,0.063530333340168
186,1904,200.0,40.870319678285384,69.5102211915996,117,0.8821147084236145,0.11788570880889893
187,1914,200.0,45.10044450958928,59.659521087816564,104,0.8806549906730652,0.11934541165828705
188,1925,200.0,29.601054516147013,86.12206784346908,193,0.7804049849510193,0.2195950597524643
189,1935,200.0,44.25430779503434,98.26278416822365,267,0.7699896097183228,0.2300107628107071
190,1945,200.0,70.82963508788069,91.78502203744024,154,0.8519324660301208,0.14806823432445526
191,1955,200.0,40.07116834890989,86.06181655597655,217,0.7831209301948547,0.21687932312488556
192,1966,200.0,72.22947603428008,102.62337203992088,196,0.8351727724075317,0.16482748091220856
193,1976,200.0,22.44598848866069,103.02307703312026,123,0.6820300817489624,0.31796976923942566
194,1986,200.0,66.07196844874993,93.15031219462242,135,0.8284563422203064,0.1715441346168518
195,1996,200.0,61.300342445188086,95.64938602307662,154,0.8535508513450623,0.14644961059093475
196,2007,200.0,59.13876250399105,130.7989226389405,243,0.8180055618286133,0.18199552595615387
197,2017,200.0,69.0017788492718,132.66517488107797,333,0.7820407152175903,0.21795952320098877
198,2027,200.0,62.45001689294402,158.0083768021716,391,0.7787008881568909,0.22129833698272705
199,2037,200.0,46.91641165580382,161.9271216767746,498,0.6751428246498108,0.32485777139663696
200,2048,200.0,36.9343552998053,180.10933515911242,551,0.5686183571815491,0.431381493806839
201,2058,200.0,-27.556057951653834,165.10271209232928,497,0.5331089496612549,0.466890811920166
202,2068,200.0,-10.50040780570531,151.69340079833282,552,0.5144949555397034,0.4855048358440399
203,2078,200.0,-59.9039867309349,140.74827525880008,381,0.47605785727500916,0.5239422917366028
204,2088,200.0,-70.28773702659667,141.20342508449846,413,0.475009948015213,0.5249900221824646
205,2099,200.0,-77.54940418991205,125.96850239274751,383,0.4442307651042938,0.5557689666748047
206,2109,200.0,-56.84644010180049,123.5275683048083,368,0.4336991012096405,0.5663010478019714
207,2119,200.0,-6.512115176608094,137.42149032851435,397,0.4102534353733063,0.5897467136383057
208,2129,200.0,7.0112172289899375,149.9514927767424,413,0.42387351393699646,0.5761260986328125
209,2140,200.0,6.12333210645229,144.59741432388375,403,0.38323232531547546,0.6167676448822021
210,2150,200.0,32.03421708524963,145.14381806071492,413,0.4213595688343048,0.5786400437355042
211,2160,200.0,30.358631938578846,129.64632581743876,470,0.3989938497543335,0.6010065674781799
212,2170,200.0,30.087245469477256,153.78734048969707,474,0.44976040720939636,0.5502398610115051
213,2181,200.0,24.054454615444325,152.81355716387114,504,0.38705548644065857,0.6129442453384399
214,2191,200.0,26.351911187275828,131.32707691693713,454,0.4112652540206909,0.5887353420257568
215,2201,200.0,27.299547738203877,125.43712516793609,426,0.35071974992752075,0.6492809653282166
216,2211,200.0,43.70330809420825,132.16303560908833,461,0.34887343645095825,0.6511271595954895
217,2222,200.0,21.240326592228488,115.08296959724849,387,0.30500978231430054,0.6949904561042786
218,2232,200.0,33.41669442721673,114.14873800636825,384,0.28380686044692993,0.7161937355995178
219,2242,200.0,10.49586532146671,124.6572556319891,359,0.2603096067905426,0.7396908402442932
220,2252,200.0,38.51296508395361,110.00237747623784,363,0.238273024559021,0.761727511882782
221,2263,200.0,39.525074043646086,121.2795920642751,337,0.22845959663391113,0.771540641784668
222,2273,200.0,35.01637768977206,98.5075914139285,231,0.17448543012142181,0.8255152106285095
223,2283,200.0,52.382741814884795,88.62091547069515,260,0.12342927604913712,0.8765705823898315
224,2293,200.0,52.30487720277034,98.44982753433607,328,0.14857123792171478,0.8514288067817688
225,2304,200.0,45.002144889642196,68.2403393187573,221,0.09438743442296982,0.9056128859519958
226,2314,200.0,51.736922211525815,74.98628516347026,254,0.1432209312915802,0.8567793369293213
227,2324,200.0,53.94902454969108,70.34062081464367,126,0.09587854146957397,0.9041216969490051
228,2334,200.0,66.14815825723286,41.63752873655039,67,0.0557137206196785,0.9442862272262573
229,2344,200.0,48.059186763319886,44.61147100621799,67,0.048086635768413544,0.9519134759902954
230,2355,200.0,73.67088297267954,33.046045884878865,51,0.04123203828930855,0.9587681293487549
231,2365,200.0,62.32973813351862,25.342727608524577,41,0.03549644351005554,0.9645038843154907
232,2375,200.0,75.86784157645408,22.38859812917765,24,0.028829116374254227,0.971170961856842
233,2385,200.0,73.24351627946089,13.06857490242092,21,0.023615699261426926,0.9763843417167664
234,2396,200.0,67.11788528450941,18.51408960341315,32,0.028162464499473572,0.9718377590179443
235,2406,200.0,80.37932603474611,14.104439924857994,19,0.017488449811935425,0.9825116991996765
236,2416,200.0,82.74777332403553,12.896325993369059,25,0.025249609723687172,0.9747506976127625
237,2426,200.0,85.0586414999252,13.313245824373563,35,0.023603864014148712,0.9763964414596558
238,2437,200.0,86.03917370163144,23.97822655061205,26,0.02814529277384281,0.9718549847602844
239,2447,200.0,91.98190050117583,7.755980858466232,19,0.019471507519483566,0.9805286526679993
240,2457,200.0,91.49284114908392,10.819687289039681,27,0.01630343124270439,0.9836966395378113
241,2467,200.0,95.1747668689211,10.483287203938046,20,0.022322069853544235,0.9776778817176819
242,2478,200.0,107.4393161198951,14.670984778096141,22,0.026178287342190742,0.9738218188285828
243,2488,200.0,99.83374482057499,16.435089227037132,30,0.02326105907559395,0.9767389893531799
244,2498,200.0,99.8786124256072,14.16340671292583,21,0.020397180691361427,0.9796028733253479
245,2508,200.0,108.72664621093031,9.410635802077431,17,0.02331133745610714,0.9766886830329895
246,2519,200.0,104.91235663603804,13.897980349750531,18,0.024924427270889282,0.9750756025314331
247,2529,200.0,111.5960639451429,15.450411966102681,30,0.028539782389998436,0.9714601635932922
248,2539,200.0,110.92983370041345,12.467300968733221,31,0.02786164917051792,0.9721383452415466
249,2549,200.0,111.32258752259781,9.758114299764582,18,0.026471884921193123,0.9735281467437744
250,2560,200.0,118.3778198028808,6.406013143506732,7,0.023525623604655266,0.9764745831489563
251,2570,200.0,119.38938603987916,11.418737433409971,24,0.02870771661400795,0.9712924957275391
252,2580,200.0,122.97929799206152,13.615340075810732,24,0.028598487377166748,0.9714016914367676
253,2590,200.0,121.23723075367329,11.247332028923829,33,0.02665558084845543,0.9733444452285767
254,2600,200.0,131.8155331560942,17.096410748329948,31,0.03324209153652191,0.966758131980896
255,2611,200.0,130.73972080790426,16.268694269275628,8,0.026256270706653595,0.9737439751625061
256,2621,200.0,131.7969334696143,7.843981045547071,9,0.025989558547735214,0.9740104675292969
257,2631,200.0,132.89604487697565,7.811342633035358,18,0.032445795834064484,0.9675543308258057
258,2641,200.0,129.06988111471122,8.650076380646563,26,0.045336443930864334,0.9546636343002319
259,2652,200.0,137.6560358107254,19.609042329569505,42,0.04498489201068878,0.9550151824951172
260,2662,200.0,144.34654161433957,15.272078499931473,27,0.034410510212183,0.965589702129364
261,2672,200.0,144.68902263933143,7.309812612378183,12,0.028362343087792397,0.9716379642486572
262,2682,200.0,147.83438572496118,16.077566452140246,26,0.04038965702056885,0.9596105813980103
263,2693,200.0,146.0333568344586,5.99233059672027,15,0.03026355616748333,0.9697364568710327
264,2703,200.0,144.1369575220805,7.18698399096324,13,0.03216163441538811,0.96783846616745
265,2713,200.0,142.99446637720317,9.649651391330648,23,0.02819131128489971,0.9718087911605835
266,2723,200.0,150.59604045017664,8.6796949760599,16,0.026064420118927956,0.9739357233047485
267,2734,200.0,155.75026965573755,10.715383076044441,15,0.035188280045986176,0.9648117423057556
268,2744,200.0,153.21642180338017,14.007776731301766,41,0.03957284614443779,0.9604274034500122
269,2754,200.0,157.78274551372112,9.20098005016317,20,0.03218385577201843,0.9678162336349487
270,2764,200.0,157.11928269515306,10.166792946538813,36,0.03620379418134689,0.9637964963912964
271,2775,200.0,161.29935205971742,10.509726697129016,21,0.03386002033948898,0.9661402106285095
272,2785,200.0,165.4420844544465,13.179327107933714,31,0.040859710425138474,0.9591406583786011
273,2795,200.0,163.75495522690508,6.44507837578285,11,0.031009526923298836,0.9689906239509583
274,2805,200.0,162.37703230177368,12.277187920937246,20,0.035279467701911926,0.9647207260131836
275,2816,200.0,162.65649626268208,12.861485468544494,27,0.04219599440693855,0.9578040838241577
276,2826,200.0,165.9824829678467,10.493634869659832,18,0.038095131516456604,0.9619050621986389
277,2836,200.0,167.8233574422065,12.253452777825073,23,0.03444776311516762,0.9655523896217346
278,2846,200.0,163.068106103747,19.797299639657723,64,0.06245427951216698,0.9375459551811218
279,2856,200.0,162.81924463702083,12.749626594916181,48,0.04738879203796387,0.9526112675666809
280,2867,200.0,161.79965484000644,22.03458100215366,68,0.0595761314034462,0.9404243230819702
281,2877,200.0,167.77030606041694,24.728616672756,56,0.05804595351219177,0.9419542551040649
282,2887,200.0,171.94957474604416,11.534894187016809,37,0.039730049669742584,0.9602704048156738
283,2897,200.0,179.4989826038516,18.635903658143206,30,0.0463387630879879,0.9536617398262024
284,2908,200.0,169.26578510585244,29.98952321547085,54,0.056488487869501114,0.9435117244720459
285,2918,200.0,170.18875992604168,7.220325973969087,14,0.03301321342587471,0.9669870138168335
286,2928,200.0,170.79068391779222,13.119997487109933,42,0.04443430155515671,0.9555660486221313
287,2938,200.0,168.9036350297552,15.071432884265642,53,0.04919194057583809,0.9508084058761597
288,2949,200.0,178.951725250003,18.660544105021405,47,0.048787716776132584,0.9512129426002502
289,2959,200.0,169.67412825644425,46.03735882711056,58,0.06008206307888031,0.9399186968803406
290,2969,200.0,172.22704438347463,23.567490619546327,60,0.05133698508143425,0.9486633539199829
291,2979,200.0,168.37964266407172,36.648764119864744,135,0.10265293717384338,0.8973476886749268
292,2990,200.0,166.60414013887913,26.040827635167084,95,0.07504157721996307,0.9249590039253235
293,3000,200.0,170.2793561650342,37.52825454402364,127,0.07561296969652176,0.9243873953819275
294,3010,200.0,174.98893166481122,46.69559848171329,167,0.08688324689865112,0.9131168723106384
295,3020,200.0,165.92370755965945,66.34583662177151,192,0.11883439868688583,0.8811662793159485
296,3031,200.0,175.09479182206533,31.94062935115318,70,0.06957986205816269,0.9304208159446716
297,3041,200.0,170.82788712471228,41.417713982619425,120,0.08480242639780045,0.9151980876922607
298,3051,200.0,172.40583066666824,35.05388641631837,77,0.055237751454114914,0.9447624683380127
299,3061,200.0,174.6740834898298,40.110429718394045,61,0.059983547776937485,0.9400169849395752
300,3072,200.0,173.04768164462794,32.73099483606085,65,0.06456037610769272,0.9354402422904968
301,3082,200.0,175.5559802423195,19.110293948143255,65,0.05763193964958191,0.9423684477806091
302,3092,200.0,176.70826950077839,16.679714301946944,41,0.046129316091537476,0.9538707137107849
303,3102,200.0,182.76419522533678,12.757441010775823,46,0.05227404832839966,0.9477260112762451
304,3112,200.0,181.27865120568282,18.90174115922422,41,0.04841051623225212,0.9515897035598755
305,3123,200.0,181.55908566662504,18.928974985711086,58,0.06247267127037048,0.9375274777412415
306,3133,200.0,178.5966820868021,36.53008272140602,85,0.05863598734140396,0.9413644075393677
307,3143,200.0,183.4834802865164,11.078586747623227,37,0.04869415983557701,0.9513059258460999
308,3153,200.0,180.8460755744765,21.846565213969964,45,0.046224445104599,0.9537758827209473
309,3164,200.0,186.56858472130213,9.309309727858201,18,0.03997467830777168,0.9600253105163574
310,3174,200.0,179.61991628091238,17.963661849518722,35,0.05087786540389061,0.9491221308708191
311,3184,200.0,184.81623324663263,11.502874039383565,29,0.040734417736530304,0.9592657685279846
312,3194,200.0,184.92581322382367,10.81776040850559,20,0.04245051369071007,0.957549512386322
313,3205,200.0,192.80344527980122,4.768371134124196,25,0.04614318162202835,0.9538568258285522
314,3215,200.0,190.98043580185137,7.292426022978276,24,0.04440290853381157,0.9555971026420593
315,3225,200.0,186.18752178419524,6.149769597490067,17,0.04853837192058563,0.9514617323875427
316,3235,200.0,186.77437546488758,5.594274051235659,24,0.04718978330492973,0.9528102278709412
317,3246,200.0,189.59863586529752,7.8917067689957205,16,0.04336666688323021,0.9566332697868347
318,3256,200.0,193.38346663361978,6.570947452521107,9,0.0357229970395565,0.9642769694328308
319,3266,200.0,193.15800456529539,9.311659140026851,18,0.0421009436249733,0.9578992128372192
320,3276,200.0,187.84674011799672,6.8839189522023325,20,0.03794584050774574,0.9620543122291565
321,3287,200.0,185.97362028573627,7.803636128959067,32,0.04388481378555298,0.956115186214447
322,3297,200.0,186.41203569873431,3.732870009419525,18,0.0394916795194149,0.960508406162262
323,3307,200.0,188.4506015903442,2.1551041675649882,9,0.029183978214859962,0.9708160161972046
324,3317,200.0,192.98817215507944,7.327784419910442,28,0.05363857373595238,0.9463613033294678
325,3328,200.0,183.391410493016,18.54530812992548,46,0.053394533693790436,0.9466055035591125
326,3338,200.0,185.67235404387822,5.533697416879398,17,0.037143006920814514,0.9628570675849915
327,3348,200.0,193.30922852606506,3.5827011530679314,4,0.02845565788447857,0.9715443253517151
328,3358,200.0,186.94395522244133,7.872278065604784,22,0.04493497312068939,0.9550650119781494
329,3368,200.0,191.09770383502854,6.693217639557554,11,0.032674700021743774,0.9673255085945129
330,3379,200.0,192.4553037610961,6.4039725471493325,9,0.03437391296029091,0.9656260013580322
331,3389,200.0,194.62336513082644,5.806370226414133,8,0.029490141198039055,0.9705098867416382
332,3399,200.0,190.84182006771482,11.321691053976384,19,0.042661864310503006,0.9573380947113037
333,3409,200.0,193.5562002231609,6.177767513948292,5,0.029603756964206696,0.9703962802886963
334,3420,200.0,194.05072736491636,3.9831984677648444,9,0.03258151561021805,0.9674185514450073
335,3430,200.0,199.78249756536835,7.80001900956099,11,0.033169057220220566,0.9668309688568115
336,3440,200.0,196.9190149740823,6.889056938610162,21,0.040352143347263336,0.9596478939056396
337,3450,200.0,198.38333293319818,9.520339074833965,34,0.07574636489152908,0.9242538213729858
338,3461,200.0,198.65366819969216,6.711450282229448,12,0.04397009313106537,0.9560298323631287
339,3471,200.0,194.4961700575951,2.660795072499621,10,0.03925230726599693,0.9607478976249695
340,3481,200.0,199.0479022165095,6.382261585144664,8,0.033163510262966156,0.9668364524841309
341,3491,200.0,199.80812737732188,5.246736414027465,9,0.038814231753349304,0.9611858129501343
342,3502,200.0,197.71220673671422,10.917294658621735,43,0.04952220618724823,0.9504777789115906
343,3512,200.0,196.81188775687303,4.788293997378779,10,0.03158774971961975,0.9684123992919922
344,3522,200.0,196.2015810176141,1.0779270303623245,4,0.026804065331816673,0.9731959700584412
345,3532,200.0,201.62068930594208,2.8705301900143945,5,0.027926933020353317,0.9720731377601624
346,3543,200.0,199.02827810439157,5.1580932888079944,22,0.04356786608695984,0.9564322829246521
347,3553,200.0,200.45577823315176,2.5369060305250986,15,0.029887914657592773,0.970112144947052
348,3563,200.0,190.96070812874672,11.032366061951615,28,0.041539646685123444,0.9584604501724243
349,3573,200.0,200.16963430231633,5.106272763189357,8,0.03521808981895447,0.9647819399833679
350,3584,200.0,196.85309552825564,11.731126866572314,26,0.04553230479359627,0.9544677734375
351,3594,200.0,201.05300028500596,15.629316067961957,25,0.05125347897410393,0.9487465620040894
352,3604,200.0,200.63461843922173,4.485535696946759,8,0.04110605642199516,0.9588939547538757
353,3614,200.0,200.67063642289017,7.046390666179002,13,0.03537483140826225,0.9646252989768982
354,3624,200.0,202.5669243374653,9.374878919951831,15,0.035831671208143234,0.96416836977005
355,3635,200.0,202.99147770039582,12.473185451227904,11,0.04261055216193199,0.9573895335197449
356,3645,200.0,204.1094931485082,7.305729068541795,20,0.03193297237157822,0.9680671095848083
357,3655,200.0,206.88603137880324,3.883640067382338,15,0.03398663550615311,0.9660132527351379
358,3665,200.0,206.62056750259927,4.583224165463512,12,0.0312430988997221,0.968756914138794
359,3676,200.0,207.14587760273116,3.721201451850404,7,0.029652470722794533,0.9703475832939148
360,3686,200.0,206.48976072428553,5.114130495046834,12,0.033783771097660065,0.9662160873413086
361,3696,200.0,205.4121549177009,4.890439552318639,10,0.028635825961828232,0.9713642597198486
362,3706,200.0,206.94170695079418,1.0377859947159709,0,0.028622345998883247,0.9713776111602783
363,3717,200.0,205.18845081657122,9.886499202976943,23,0.03761028125882149,0.9623897671699524
364,3727,200.0,207.9059005935942,4.521563872781685,6,0.03002859465777874,0.9699714779853821
365,3737,200.0,206.3765590268491,13.643080221088582,26,0.045483436435461044,0.9545165300369263
366,3747,200.0,212.36896953468818,2.349193011869372,0,0.02846350148320198,0.9715365171432495
367,3758,200.0,209.6669586251845,5.101759736522567,10,0.033918462693691254,0.9660815000534058
368,3768,200.0,209.299281667044,9.388497830667077,15,0.04208474978804588,0.9579153060913086
369,3778,200.0,208.15976643432276,5.637583390366276,19,0.03287263587117195,0.9671273231506348
370,3788,200.0,214.17872348996698,7.76573645395855,25,0.030970921739935875,0.9690290689468384
371,3799,200.0,210.31788381135416,2.986521786219883,15,0.041274916380643845,0.9587250351905823
372,3809,200.0,213.0694257971266,2.75783187839318,6,0.029315410181879997,0.9706845879554749
373,3819,200.0,213.29939418288154,0.7495302727886646,1,0.02781224437057972,0.9721876978874207
374,3829,200.0,214.95414510980467,5.577689012467903,12,0.03561939671635628,0.96438068151474
375,3840,200.0,217.42331748916507,5.96697923032598,11,0.03345177322626114,0.9665482640266418
376,3850,200.0,219.51347784193985,2.2455962750651985,1,0.032935261726379395,0.9670646786689758
377,3860,200.0,210.32211790889224,8.908090975239364,13,0.03505033254623413,0.9649494886398315
378,3870,200.0,218.968708543314,2.582699423257199,3,0.03119368851184845,0.9688063263893127
379,3880,200.0,219.19801265865536,3.084654481830528,4,0.03003554232418537,0.9699645042419434
380,3891,200.0,217.43567279799294,6.651991509152661,10,0.04103514179587364,0.9589649438858032
381,3901,200.0,220.43248714439588,2.0975609079263444,5,0.03083985485136509,0.969160258769989
382,3911,200.0,219.1490354579074,11.189182160106188,19,0.04728095233440399,0.9527192711830139
383,3921,200.0,218.77460172936443,3.523626067469015,4,0.028873329982161522,0.9711267352104187
384,3932,200.0,219.08885480399908,7.514410565935986,11,0.03472094610333443,0.9652791023254395
385,3942,200.0,220.0794654942286,4.2843449323774845,4,0.032068345695734024,0.9679316282272339
386,3952,200.0,221.60480038538088,4.640393866874595,9,0.03264699503779411,0.9673530459403992
387,3962,200.0,206.6659029528857,13.186324413568864,63,0.06029950827360153,0.9397003650665283
388,3973,200.0,220.99215887839767,3.5207716107464133,19,0.04340161010622978,0.9565985798835754
389,3983,200.0,217.55509168976943,14.758900487851477,23,0.045498065650463104,0.9545021653175354
390,3993,200.0,220.59298930516678,3.9370510910854692,8,0.032799288630485535,0.967200756072998
391,4003,200.0,220.68450405197444,6.627120135277415,8,0.034024495631456375,0.9659757018089294
392,4014,200.0,227.72336169777296,8.44759152979986,9,0.03373562544584274,0.9662643671035767
393,4024,200.0,223.01725024232238,3.059412028922356,6,0.03389841318130493,0.9661017060279846
394,4034,200.0,222.63119261578018,8.412601444152912,18,0.039000898599624634,0.9609991908073425
395,4044,200.0,211.02354423018056,11.258919966032284,21,0.06913818418979645,0.9308618307113647
396,4055,200.0,226.10702207507126,1.7228586757572208,5,0.03992262855172157,0.9600772857666016
397,4065,200.0,224.3064046739252,8.898248183143723,11,0.03856189176440239,0.9614380598068237
398,4075,200.0,226.97495075384023,1.9165194261736893,7,0.028986886143684387,0.9710131883621216
399,4085,200.0,230.66339531605595,5.730434411279101,13,0.03549470007419586,0.9645053744316101
400,4096,200.0,229.93558793901667,2.4070398095863283,2,0.03108217380940914,0.9689178466796875
401,4106,200.0,231.55212887729272,2.2410728607525106,6,0.03317662328481674,0.966823399066925
402,4116,200.0,222.31256457456175,6.552889440496411,10,0.037912189960479736,0.9620880484580994
403,4126,200.0,228.89359012574815,3.421310782622306,0,0.029603825882077217,0.9703962206840515
404,4136,200.0,232.05460035164157,3.6299553645225657,1,0.029313653707504272,0.9706863164901733
405,4147,200.0,225.74139156057262,5.318132210247126,16,0.032389454543590546,0.9676106572151184
406,4157,200.0,229.80836801274387,3.8680360438212533,7,0.03009164147078991,0.9699084162712097
407,4167,200.0,234.54729465420922,1.5973347480552844,5,0.02766263112425804,0.9723373651504517
408,4177,200.0,234.19235932732082,1.1107133088952859,3,0.02860962599515915,0.971390426158905
409,4188,200.0,233.35097215251312,2.926288882208871,5,0.0318961925804615,0.9681037664413452
410,4198,200.0,236.42266171643618,0.25126615965819543,0,0.027361204847693443,0.9726388454437256
411,4208,200.0,238.12513949067548,0.0321182346969123,0,0.02783164381980896,0.9721683859825134
412,4218,200.0,234.8941133328563,0.9099835300920114,5,0.027255551889538765,0.9727445244789124
413,4229,200.0,236.5163937133547,3.9196896365442013,8,0.031154075637459755,0.9688459634780884
414,4239,200.0,232.42982178757262,12.153449062295076,26,0.042856570333242416,0.9571434259414673
415,4249,200.0,237.68963398168808,5.079540198573563,18,0.036830805242061615,0.9631693363189697
416,4259,200.0,228.77254425130255,4.625107123540451,16,0.03464615345001221,0.9653538465499878
417,4270,200.0,232.24810544693,7.320154824698464,8,0.04083124175667763,0.9591687917709351
418,4280,200.0,234.30085435001692,9.307857813118904,12,0.034636132419109344,0.9653638601303101
419,4290,200.0,236.10793776947875,4.124343340655399,15,0.03143801912665367,0.9685620665550232
420,4300,200.0,238.9622855795089,1.9556365985944675,5,0.030017511919140816,0.9699824452400208
421,4311,200.0,237.75447235469542,4.8456361604916225,10,0.040842678397893906,0.9591573476791382
422,4321,200.0,241.53515450519726,1.982476817041898,5,0.02914983406662941,0.9708501696586609
423,4331,200.0,231.4995760472666,7.697478501080411,27,0.044590357691049576,0.9554095268249512
424,4341,200.0,234.91031749039493,2.442071911523745,13,0.03113263100385666,0.9688673615455627
425,4352,200.0,232.87079465590722,10.472730007578532,17,0.040770236402750015,0.9592298269271851
426,4362,200.0,238.49401835210256,1.8790843908123187,5,0.03221491351723671,0.9677852392196655
427,4372,200.0,240.3496489433689,7.177341541710867,13,0.034629981964826584,0.9653699994087219
428,4382,200.0,242.53526588699387,2.026496666076636,9,0.03454850614070892,0.9654516577720642
429,4392,200.0,240.966310077977,10.505005864126803,10,0.03621020168066025,0.9637898802757263
430,4403,200.0,235.85460283206194,9.41872734566081,21,0.04420799762010574,0.9557921886444092
431,4413,200.0,227.17505319905658,11.246926180414345,53,0.0851329118013382,0.914867103099823
432,4423,200.0,240.5929951454062,6.665418957310048,16,0.0341789685189724,0.9658209681510925
433,4433,200.0,244.8328069345941,6.993224541011633,14,0.04582930728793144,0.9541707634925842
434,4444,200.0,242.85582939051656,8.23052465877632,18,0.044150691479444504,0.955849289894104
435,4454,200.0,242.68035169518635,2.4013507982980955,8,0.02946963720023632,0.9705303907394409
436,4464,200.0,223.8042407044421,7.251522258114079,50,0.11410355567932129,0.8858963847160339
437,4474,200.0,244.54903359843038,2.668273794561395,13,0.03506159782409668,0.9649382829666138
438,4485,200.0,248.03650597623633,3.6657408718821585,11,0.03528713807463646,0.9647129774093628
439,4495,200.0,242.31739626152108,2.1949781958200476,17,0.031474050134420395,0.9685260653495789
440,4505,200.0,245.16640891881798,4.182166297928132,10,0.03592370077967644,0.9640764594078064
441,4515,200.0,235.49191360439005,10.677347760444452,39,0.042424481362104416,0.9575756788253784
442,4526,200.0,242.1940285672337,6.464100802122079,23,0.036301154643297195,0.9636989831924438
443,4536,200.0,243.3468046642833,7.277593668688965,7,0.030301855877041817,0.9696982502937317
444,4546,200.0,240.6952014150951,7.545377769820565,12,0.026881275698542595,0.9731190800666809
445,4556,200.0,232.06385806340708,10.960193632760852,14,0.04180963709950447,0.9581907391548157
446,4567,200.0,246.01883617696907,5.982480252512521,19,0.03678306192159653,0.9632169008255005
447,4577,200.0,235.79834781721152,11.01275268469874,29,0.04418759420514107,0.955812394618988
448,4587,200.0,240.3035781768277,0.849489521383713,14,0.033267904072999954,0.9667322635650635
449,4597,200.0,246.50526235658896,6.768986781185141,16,0.038332656025886536,0.9616674184799194
450,4608,200.0,244.90228552070045,3.2341020750773715,13,0.035035595297813416,0.9649644494056702
451,4618,200.0,245.63175117575935,3.942918801956166,21,0.04318280890583992,0.9568171501159668
452,4628,200.0,244.2040835470219,8.434783179514348,16,0.037505146116018295,0.9624948501586914
453,4638,200.0,245.25069606794023,7.364303285083258,23,0.03376196324825287,0.9662381410598755
454,4648,200.0,246.6813271872244,4.38952976895008,19,0.03299928084015846,0.9670007228851318
455,4659,200.0,249.90724524258925,2.047502853991184,7,0.03593224287033081,0.9640677571296692
456,4669,200.0,253.2998214238336,1.9477175220061635,6,0.032171446830034256,0.967828631401062
457,4679,200.0,253.56634605284148,1.435898680134333,5,0.0320013090968132,0.9679988026618958
458,4689,200.0,252.69310367684383,3.052487928580018,16,0.037434808909893036,0.9625651240348816
459,4700,200.0,246.59667409777748,7.201165204915878,30,0.04662247374653816,0.9533774852752686
460,4710,200.0,249.71197885381193,4.945856360625299,14,0.0416908897459507,0.9583091735839844
461,4720,200.0,253.5660880402197,0.7791091234818158,4,0.03229733929038048,0.9677026867866516
462,4730,200.0,254.2574857434391,0.6085966781168488,4,0.03508990257978439,0.9649101495742798
463,4741,200.0,253.03099446158754,2.7128691945434387,9,0.039071109145879745,0.9609289765357971
464,4751,200.0,246.37241583892205,9.923941189873888,19,0.04361196979880333,0.9563880562782288
465,4761,200.0,249.31905477005552,6.590484227311709,21,0.037475984543561935,0.9625241160392761
466,4771,200.0,255.99127802573008,3.111875372452695,7,0.035172417759895325,0.9648276567459106
467,4782,200.0,245.7556045511654,8.401773431165388,23,0.04945182800292969,0.9505482316017151
468,4792,200.0,233.6731452203407,20.30076466572036,51,0.061371609568595886,0.9386283159255981
469,4802,200.0,248.9274519824277,5.42875767413414,32,0.04641379043459892,0.953586220741272
470,4812,200.0,252.00593573645466,8.760785178838006,32,0.047078344970941544,0.9529216289520264
471,4823,200.0,251.64395279356768,9.13466385071673,39,0.055733952671289444,0.9442662596702576
472,4833,200.0,258.7707075471702,7.384299081843858,21,0.03882503882050514,0.9611748456954956
473,4843,200.0,255.5358338815923,7.47586956787642,24,0.04678908362984657,0.9532109498977661
474,4853,200.0,250.41430233117512,19.93139421661762,70,0.05394958332180977,0.946050763130188
475,4864,200.0,252.30788089150764,13.297200553574465,20,0.048795752227306366,0.9512043595314026
476,4874,200.0,249.86096826738222,15.378560191934357,51,0.051638562232255936,0.9483615159988403
477,4884,200.0,241.72544366794668,17.787366518368376,71,0.0633854940533638,0.9366148710250854
478,4894,200.0,255.2517300851295,8.77050124383328,22,0.04345323145389557,0.9565469026565552
479,4904,200.0,254.22054453080676,12.297714303246067,30,0.05339331924915314,0.9466069340705872
480,4915,200.0,256.4190915399588,6.962764355717764,25,0.049527570605278015,0.9504724740982056
481,4925,200.0,253.26016275819234,2.858130074845612,14,0.04540075734257698,0.9545994997024536
482,4935,200.0,252.5957448721334,4.724212866039608,29,0.04548421502113342,0.9545159339904785
483,4945,200.0,255.3066362962915,6.4276463269776665,29,0.048590291291475296,0.9514098763465881
484,4956,200.0,261.08655151406987,5.851284490613835,11,0.04088271036744118,0.9591173529624939
485,4966,200.0,257.16646150803524,7.360487936037083,24,0.03745631128549576,0.9625438451766968
486,4976,200.0,260.8068103937801,6.706677831211751,30,0.04383620247244835,0.9561638236045837
487,4986,200.0,258.9788982654758,12.675677271397731,40,0.045573242008686066,0.9544268250465393
488,4997,200.0,255.10546612374816,11.998625335545542,43,0.056525759398937225,0.9434742331504822
489,5007,200.0,265.4967404980308,13.23024688868174,24,0.04066300764679909,0.9593369960784912
490,5017,200.0,261.73371661024646,5.026969821341027,9,0.03499593585729599,0.9650042057037354
491,5027,200.0,264.94445954762807,3.2936504998003717,10,0.03240514174103737,0.9675949215888977
492,5038,200.0,256.7032764137326,12.44595680535555,32,0.050971899181604385,0.9490284323692322
493,5048,200.0,261.38859244189234,8.741636457917263,37,0.04325760155916214,0.9567423462867737
494,5058,200.0,263.5646655885244,10.63653018057644,12,0.03869551420211792,0.9613045454025269
495,5068,200.0,266.2811083766,7.830129093423466,25,0.040834445506334305,0.9591657519340515
496,5079,200.0,257.6192164393794,14.122400060295922,25,0.048518404364585876,0.9514816999435425
497,5089,200.0,263.3922265377086,13.948721005234168,27,0.04742800444364548,0.9525720477104187
498,5099,200.0,255.45583793653813,15.359555190032639,50,0.06047739461064339,0.9395225644111633
499,5109,200.0,263.54971129793864,2.9627896486779615,11,0.044287458062171936,0.9557127356529236
500,5120,200.0,263.26193833265125,5.368795847489127,18,0.04200837388634682,0.9579917192459106
501,5130,200.0,256.7623843796813,17.35294560452425,36,0.057909004390239716,0.9420912861824036
502,5140,200.0,267.22862431535896,6.4160277665340075,33,0.05001557618379593,0.9499842524528503
503,5150,200.0,268.7668004090381,4.813562408458281,17,0.04802593216300011,0.9519743323326111
504,5160,200.0,255.26905564391478,13.340221502182652,32,0.0576462596654892,0.9423537850379944
505,5171,200.0,237.4723183970939,12.606564539568016,58,0.15385571122169495,0.8461443781852722
506,5181,200.0,262.7613847890372,1.4611256035760432,7,0.03371470794081688,0.9662853479385376
507,5191,200.0,265.3213818977654,6.233112414635136,31,0.04255204275250435,0.9574481844902039
508,5201,200.0,258.09432711156273,10.999065064952752,40,0.06287830322980881,0.9371216893196106
509,5212,200.0,260.8246408207726,10.583179422253158,49,0.04818236455321312,0.9518178105354309
510,5222,200.0,258.15581005761914,10.163217193114289,38,0.05366409942507744,0.9463358521461487
511,5232,200.0,267.2047531991262,12.318575516743905,36,0.04992520064115524,0.9500748515129089
512,5242,200.0,268.9074578897922,3.896302385475188,15,0.032263562083244324,0.9677364826202393
513,5253,200.0,257.47700501834,17.27584156402182,69,0.06141187623143196,0.9385882616043091
514,5263,200.0,266.1123476186447,5.051850006868773,18,0.03720419108867645,0.9627958536148071
515,5273,200.0,260.1355873118003,24.311476582404506,62,0.05412977933883667,0.9458703398704529
516,5283,200.0,266.2877337946687,11.287105855726296,41,0.04814598336815834,0.9518542885780334
517,5294,200.0,254.4433111060933,7.661922092445555,71,0.07333116233348846,0.9266687631607056
518,5304,200.0,260.06137834823676,7.18439753094155,24,0.047895390540361404,0.9521045684814453
519,5314,200.0,267.82090755391033,8.918719913898112,6,0.036030419170856476,0.963969886302948
520,5324,200.0,267.9420390870856,14.379179829973646,67,0.06396833807229996,0.9360318183898926
521,5335,200.0,259.95349404614325,4.774492882771326,29,0.05024952068924904,0.9497507214546204
522,5345,200.0,233.97602066940718,3.8980466242435656,23,0.03828081116080284,0.961719274520874
523,5355,200.0,237.9642573606728,1.3792191717738433,8,0.032003216445446014,0.9679968357086182
524,5365,200.0,234.90886117401072,1.2705562475811965,9,0.032061751931905746,0.9679383635520935
525,5376,200.0,239.1237253634277,1.1464228785041952,1,0.031161203980445862,0.9688389301300049
526,5386,200.0,237.4875913943155,6.138670501613897,33,0.0395951122045517,0.9604049324989319
527,5396,200.0,238.94094705524094,6.597084632930633,28,0.04099981114268303,0.9590003490447998
528,5406,200.0,241.4612546313229,4.2243814005955445,19,0.041208140552043915,0.9587918519973755
529,5416,200.0,244.24597095256635,2.729005292421735,6,0.03052453324198723,0.9694756269454956
530,5427,200.0,242.74333002418513,6.292589452743855,17,0.03900092467665672,0.9609991312026978
531,5437,200.0,246.66658900508952,2.6784732010167667,15,0.031831059604883194,0.968169093132019
532,5447,200.0,244.1710122982373,13.764830891197988,39,0.04173535853624344,0.9582646489143372
533,5457,200.0,235.46787758218383,8.100727635785782,27,0.03852077201008797,0.9614792466163635
534,5468,200.0,239.09116229796427,15.50053864945906,23,0.037745922803878784,0.9622541666030884
535,5478,200.0,240.5050469458572,5.896028283019177,7,0.02881094254553318,0.9711892008781433
536,5488,200.0,239.98629557240247,7.943597948917409,15,0.03441140428185463,0.9655890464782715
537,5498,200.0,239.38140903371618,9.87048996867185,37,0.05862997844815254,0.9413700699806213
538,5509,200.0,244.7893918474787,3.889799238207747,12,0.03497042879462242,0.9650295972824097
539,5519,200.0,235.86529066696386,12.404856172954224,39,0.044897183775901794,0.9551030397415161
540,5529,200.0,233.72951745894164,2.5442444471296426,28,0.04312027990818024,0.9568796753883362
541,5539,200.0,235.93586518906878,10.4992590988924,28,0.0432831346988678,0.9567170143127441
542,5550,200.0,243.34564276000415,3.5001621610424953,9,0.03324861451983452,0.9667514562606812
543,5560,200.0,239.11582714175864,4.6170668391048215,8,0.03193967789411545,0.9680604338645935
544,5570,200.0,236.97495874698626,7.502803760450604,22,0.03684688359498978,0.9631531238555908
545,5580,200.0,243.34302919575356,5.309966360547063,16,0.03620292618870735,0.9637971520423889
546,5591,200.0,246.70876356657863,2.6980194328971177,18,0.0364140123128891,0.9635860323905945
547,5601,200.0,249.48167759558754,8.85046665018294,16,0.03274985030293465,0.9672502279281616
548,5611,200.0,240.81038303725626,10.728645893507133,44,0.04527450352907181,0.9547255635261536
549,5621,200.0,248.57335126925258,4.332113414160854,12,0.032297756522893906,0.9677021503448486
550,5632,200.0,245.77829645533288,4.987577228441925,16,0.038343895226716995,0.9616562724113464
551,5642,200.0,248.96165587391184,5.89740575408957,11,0.033231716603040695,0.966768205165863
552,5652,200.0,250.70969062250725,6.005080888243602,17,0.030593683943152428,0.9694064855575562
553,5662,200.0,252.827659847656,4.378244484041316,7,0.026624344289302826,0.9733757972717285
554,5672,200.0,246.75886185994713,9.57495401139377,21,0.04107394441962242,0.9589262008666992
555,5683,200.0,251.24615855558687,8.027029893202835,26,0.04001598432660103,0.959984302520752
556,5693,200.0,252.069406415274,9.576211245487999,22,0.032469574362039566,0.967530369758606
557,5703,200.0,256.4700998855067,5.075565394541353,28,0.031637322157621384,0.9683627486228943
558,5713,200.0,254.6320704966919,1.6080298279932148,11,0.02879069745540619,0.9712094664573669
559,5724,200.0,255.71038001068163,1.2981130318637462,20,0.03320643678307533,0.9667936563491821
560,5734,200.0,257.5666649353607,3.2487797453410483,14,0.02946234680712223,0.9705378413200378
561,5744,200.0,259.0206063676827,1.9351377126285652,18,0.029377728700637817,0.9706223607063293
562,5754,200.0,264.9513749674689,0.5871386774038312,13,0.027879459783434868,0.972120463848114
563,5765,200.0,261.3022833627392,6.3691849111515735,13,0.03144504874944687,0.9685549736022949
564,5775,200.0,263.0851157827009,6.874457943933731,16,0.03778800368309021,0.9622120261192322
565,5785,200.0,256.9567885045995,8.18478102826735,36,0.03792941942811012,0.962070882320404
566,5795,200.0,260.94011334820095,7.310950476725979,16,0.03396337851881981,0.9660367965698242
567,5806,200.0,258.57923057914365,3.6849090759428322,16,0.037387337535619736,0.9626128077507019
568,5816,200.0,261.2013799577,7.267328645649824,23,0.03523578867316246,0.9647644758224487
569,5826,200.0,261.7204514770175,9.341959607111725,36,0.038857392966747284,0.9611427187919617
570,5836,200.0,265.23191851705826,3.572018279661145,12,0.03174090385437012,0.9682591557502747
571,5847,200.0,259.9891603990288,5.391820070834103,41,0.04778982698917389,0.9522102475166321
572,5857,200.0,272.61518994808523,1.201871957043359,7,0.032170165330171585,0.9678297638893127
573,5867,200.0,264.9423673284813,4.15283116943128,25,0.0336611270904541,0.9663389921188354
574,5877,200.0,267.42620704125,3.9181441137789514,9,0.03490824997425079,0.9650917649269104
575,5888,200.0,263.4082297100821,15.217928043358011,14,0.04022543504834175,0.9597744941711426
576,5898,200.0,265.55197872716303,11.753775721988342,20,0.042048774659633636,0.9579512476921082
577,5908,200.0,262.8487329040578,9.152811192767242,26,0.040926408022642136,0.9590739011764526
578,5918,200.0,265.39810307541677,11.067039484302525,26,0.05023334175348282,0.9497668147087097
579,5928,200.0,269.69593329289603,16.932836748863732,23,0.04262451454997063,0.9573758244514465
580,5939,200.0,266.46212073317906,12.268784721987616,30,0.04193391278386116,0.9580665826797485
581,5949,200.0,265.37074032812063,12.295890804201282,29,0.04379076510667801,0.956210196018219
582,5959,200.0,269.03451813136127,9.514828800400931,25,0.03863242268562317,0.9613683223724365
583,5969,200.0,269.4609263832305,8.59373852932249,16,0.03547557815909386,0.9645258188247681
584,5980,200.0,274.49505484611745,9.881226865812845,15,0.03987305611371994,0.9601271748542786
585,5990,200.0,266.6469365949295,6.94729949618089,16,0.03750275820493698,0.9624976515769958
586,6000,200.0,271.1385498663828,10.729871636154625,14,0.042306285351514816,0.957693874835968
587,6010,200.0,255.26881698239032,26.09528664290382,52,0.07060368359088898,0.9293966889381409
588,6021,200.0,266.9643984143208,17.98395264149101,31,0.05313821882009506,0.9468618035316467
589,6031,200.0,268.16684831634524,13.964900831131127,19,0.05117964372038841,0.9488202929496765
590,6041,200.0,269.047600686708,13.12378719840707,25,0.04966028407216072,0.9503398537635803
591,6051,200.0,276.0600825338806,10.486786920022233,17,0.043910298496484756,0.9560899138450623
592,6062,200.0,271.45176752331406,10.949686497620583,20,0.048282042145729065,0.9517179727554321
593,6072,200.0,269.5372543399534,14.731208423707404,21,0.04588092863559723,0.9541192054748535
594,6082,200.0,266.6915550329072,18.26564624520815,38,0.061997950077056885,0.938002347946167
595,6092,200.0,273.46084085465884,12.644484519966882,23,0.04394764453172684,0.9560525417327881
596,6103,200.0,274.1637540452082,11.476733890309152,18,0.04580411687493324,0.9541960954666138
597,6113,200.0,261.90824655609794,25.63039501435826,62,0.07835189998149872,0.9216480851173401
598,6123,200.0,261.25793737603925,26.28026939302895,58,0.07062660902738571,0.9293734431266785
599,6133,200.0,273.7923077298091,4.269781378207406,27,0.03775768727064133,0.9622424840927124
600,6144,200.0,275.189631460936,8.430172012503206,28,0.040686916559934616,0.9593133330345154
601,6154,200.0,272.8501636876084,15.156827057476,31,0.050804417580366135,0.9491956233978271
602,6164,200.0,271.71724866452655,23.365148596843596,45,0.059323977679014206,0.9406765103340149
603,6174,200.0,276.44017545764507,15.345862453728017,27,0.04537486284971237,0.9546251893043518
604,6184,200.0,279.3429115912901,14.530071016861635,25,0.04419328272342682,0.9558069109916687
605,6195,200.0,276.58838384532976,17.590223723995184,47,0.06201791763305664,0.9379819631576538
606,6205,200.0,271.2211339240152,17.077780742511326,31,0.060691263526678085,0.9393087029457092
607,6215,200.0,273.70555799445583,20.9717262632865,46,0.04990951716899872,0.9500905275344849
608,6225,200.0,271.9990398332212,9.325276025335103,18,0.042379043996334076,0.9576212167739868
609,6236,200.0,277.66645585603726,16.29618645314405,29,0.05200648307800293,0.9479934573173523
610,6246,200.0,275.0357080963307,8.579360072652708,13,0.04534360021352768,0.9546565413475037
611,6256,200.0,275.3250567692984,9.524664372247317,20,0.05038159713149071,0.9496185183525085
612,6266,200.0,271.6844344435059,13.469011480127245,39,0.059104904532432556,0.9408953785896301
613,6277,200.0,278.4989492293745,7.97694360185649,26,0.045308150351047516,0.9546919465065002
614,6287,200.0,275.85433783924583,9.55551030208313,25,0.040259066969156265,0.9597409963607788
615,6297,200.0,275.8055646871725,11.964642710073868,40,0.0514281764626503,0.9485719203948975
616,6307,200.0,275.5724540026364,11.225836020334977,17,0.04945233836770058,0.9505476951599121
617,6318,200.0,285.4691070023768,7.844599106361898,13,0.04320727661252022,0.9567930102348328
618,6328,200.0,272.0289380429482,23.743612663660038,37,0.07906443625688553,0.9209355115890503
619,6338,200.0,278.2971818945624,8.93952078123755,26,0.05184594914317131,0.9481539726257324
620,6348,200.0,281.8048883275171,15.567071524335478,32,0.05146287754178047,0.9485368728637695
621,6359,200.0,279.79513237614464,6.92606849655804,14,0.051264770328998566,0.9487354159355164
622,6369,200.0,281.6372618738548,5.818408788529229,9,0.04609869793057442,0.9539013504981995
623,6379,200.0,277.24382981239717,6.332356330762014,16,0.048377376049757004,0.9516226649284363
624,6389,200.0,275.53321950689576,11.248890279085712,22,0.05019180849194527,0.9498082399368286
625,6400,200.0,278.33190146446424,13.473619668499962,46,0.05567392706871033,0.9443261623382568
626,6410,200.0,280.1674943794243,10.676785145478199,22,0.054449163377285004,0.9455509781837463
627,6420,200.0,266.5685574875917,8.479967387152469,28,0.047209035605192184,0.952791154384613
628,6430,200.0,269.0203635778809,12.303123520934266,28,0.0459974929690361,0.9540027379989624
629,6440,200.0,268.61169063265834,16.551690537085296,31,0.04944412037730217,0.9505559802055359
630,6451,200.0,270.1584886435318,7.453136615614175,25,0.04795136675238609,0.9520487785339355
631,6461,200.0,270.75233596926915,5.845966813661553,14,0.04251834750175476,0.957481861114502
632,6471,200.0,271.60710399654954,9.221307933941183,20,0.04875930771231651,0.9512408971786499
633,6481,200.0,267.6016641786603,20.725237475925535,50,0.06612180918455124,0.9338783025741577
634,6492,200.0,275.16933849446514,10.69710472440209,14,0.04561900347471237,0.9543811082839966
635,6502,200.0,263.70722439636575,5.594646261097996,11,0.04543386027216911,0.9545662999153137
636,6512,200.0,262.73134371117123,7.442316616234727,7,0.04435914382338524,0.9556410312652588
637,6522,200.0,260.290450101844,11.284030983036024,21,0.05874481052160263,0.9412554502487183
638,6533,200.0,266.4533690146692,12.947718680679968,32,0.05243620648980141,0.9475639462471008
639,6543,200.0,199.8121373633826,32.58691785184449,171,0.13633379340171814,0.8636660575866699
640,6553,200.0,197.92629661887753,38.1313617532511,151,0.13539360463619232,0.864606499671936
641,6563,200.0,226.01269710743628,33.424843944187465,108,0.08875608444213867,0.9112440347671509
642,6574,200.0,219.0428246786546,54.48761819918082,97,0.10737727582454681,0.8926230669021606
643,6584,200.0,175.71624851446956,72.76257991750582,184,0.14694622159004211,0.8530541658401489
644,6594,200.0,226.57932073162092,44.23728512748695,132,0.09511313587427139,0.9048875570297241
645,6604,200.0,216.34486415010514,57.97045260263267,133,0.11983197182416916,0.8801684975624084
646,6615,200.0,227.12800030721027,67.40993257961634,137,0.11187081038951874,0.8881293535232544
647,6625,200.0,232.77707938830017,52.93012731258472,48,0.07791072130203247,0.9220893979072571
648,6635,200.0,211.59566891949808,46.244582733519,129,0.14457669854164124,0.8554234504699707
649,6645,200.0,223.69877970077374,31.331404270270422,59,0.07573173195123672,0.9242687821388245
650,6656,200.0,232.22565352809448,37.40892456502384,66,0.08642320334911346,0.9135767817497253
651,6666,200.0,253.78625982365838,12.212313941386238,25,0.054386962205171585,0.9456131458282471
652,6676,200.0,241.27666489939443,22.662974556873753,57,0.07134402543306351,0.9286561608314514
653,6686,200.0,251.60018474312125,10.038149363569959,27,0.04987790435552597,0.9501224756240845
654,6696,200.0,250.5666710562071,13.519197762612272,36,0.05634757876396179,0.9436525702476501
655,6707,200.0,255.75638543701825,4.820718827890887,26,0.05661981180310249,0.9433804750442505
656,6717,200.0,261.96550080302296,6.7523317963685745,25,0.054413218051195145,0.9455868601799011
657,6727,200.0,260.43510930777416,12.001462706092601,47,0.06584172695875168,0.9341583847999573
658,6737,200.0,258.1185085810779,11.705714367973348,44,0.0757288783788681,0.9242712259292603
659,6748,200.0,259.86904534541816,26.427821537002593,58,0.0835510790348053,0.9164491295814514
660,6758,200.0,264.19043868617644,13.729218087050867,55,0.07973960787057877,0.9202604293823242
661,6768,200.0,268.8017048479932,8.968877542113017,21,0.06441488116979599,0.9355851411819458
662,6778,200.0,277.1854695372688,9.029177741123702,18,0.047194380313158035,0.9528058171272278
663,6789,200.0,268.336226270079,20.63694770195262,53,0.0977497324347496,0.902250349521637
664,6799,200.0,271.83716728523217,8.737641788675855,29,0.055842675268650055,0.944157600402832
665,6809,200.0,282.3399082728307,2.2079278555591393,15,0.049281295388936996,0.9507186412811279
666,6819,200.0,285.4865175936785,1.394607648812121,19,0.04932686686515808,0.9506731033325195
667,6830,200.0,278.7193339592483,9.754332231216187,22,0.059149209409952164,0.9408507943153381
668,6840,200.0,283.61033934126465,5.493537510999193,16,0.05082911252975464,0.9491708278656006
669,6850,200.0,284.4069963185954,1.5137035221906643,21,0.04921181499958038,0.9507882595062256
670,6860,200.0,273.55237846120764,11.483829701330652,42,0.07265765219926834,0.9273425340652466
671,6871,200.0,281.1467869530791,9.704276690903166,23,0.06652748584747314,0.9334726929664612
672,6881,200.0,283.46633908049915,5.421252072535083,23,0.05296037346124649,0.9470399618148804
673,6891,200.0,276.401613867656,16.478824346124153,41,0.06762951612472534,0.9323705434799194
674,6901,200.0,284.6085861075606,7.849983705612911,15,0.0517081692814827,0.9482918381690979
675,6912,200.0,280.908066675659,10.493876969761324,23,0.0637950450181961,0.936205267906189
676,6922,200.0,274.87157017280987,4.769576579092857,25,0.06487278640270233,0.9351272583007812
677,6932,200.0,279.1270069854453,5.554876862229723,20,0.05824539437890053,0.9417548179626465
678,6942,200.0,279.34297693850215,9.022690454380912,17,0.061132270842790604,0.9388677477836609
679,6952,200.0,283.53275418989824,3.8731775446770396,19,0.052338067442178726,0.9476622343063354
680,6963,200.0,281.52475429361346,5.006402150073636,24,0.061103951185941696,0.9388964176177979
681,6973,200.0,271.1441768628437,10.951057962311406,42,0.0741802528500557,0.9258198142051697
682,6983,200.0,281.45953093181834,16.05663378336893,28,0.06898430734872818,0.9310156106948853
683,6993,200.0,277.5812929845542,2.5262413255765255,19,0.05181300640106201,0.9481872320175171
684,7004,200.0,281.8980311483987,1.9334429974751406,10,0.05739558860659599,0.9426045417785645
685,7014,200.0,282.3185635772269,5.472121827045019,14,0.048614516854286194,0.9513857364654541
686,7024,200.0,284.139517215919,3.426203020148395,14,0.05356603488326073,0.9464340209960938
687,7034,200.0,284.36515403168744,6.026405526607639,27,0.05734555795788765,0.9426546096801758
688,7045,200.0,280.1231535038163,3.89119060948039,13,0.05554071068763733,0.9444593191146851
689,7055,200.0,279.2126015211435,6.097351451368941,22,0.05695049464702606,0.9430496692657471
690,7065,200.0,279.97977705171223,3.814135057754544,11,0.04935939982533455,0.9506410360336304
691,7075,200.0,271.7551954884463,8.241761160021012,17,0.053033437579870224,0.9469669461250305
692,7086,200.0,273.50419169240956,7.732408292362064,31,0.07098368555307388,0.9290163516998291
693,7096,200.0,273.21412413550956,10.294288583214803,18,0.059343211352825165,0.9406570196151733
694,7106,200.0,282.0196083563144,13.175763560353671,14,0.058914560824632645,0.9410858154296875
695,7116,200.0,281.4108104223491,10.182767143689402,11,0.05879943072795868,0.9412009119987488
696,7127,200.0,278.24094732098877,6.0303271621289944,8,0.05900384113192558,0.9409964084625244
697,7137,200.0,275.741079133577,16.394380628871577,30,0.07237926125526428,0.9276210069656372
698,7147,200.0,288.3995979358585,4.502611818591822,9,0.05488179996609688,0.9451184868812561
699,7157,200.0,281.56068830863353,10.71281244357121,8,0.0597447045147419,0.9402557611465454
700,7168,200.0,284.2825330123937,11.49164861157304,17,0.05766679719090462,0.9423338174819946
701,7178,200.0,274.7890222499056,16.818288224339803,24,0.08682183176279068,0.9131790399551392
702,7188,200.0,278.4447281610285,10.190878118991677,8,0.06393545120954514,0.9360651969909668
703,7198,200.0,279.79819841414127,7.10313716642651,9,0.059459660202264786,0.9405404329299927
704,7208,200.0,278.03280353473804,13.586562541184762,17,0.06733470410108566,0.9326655268669128
705,7219,200.0,272.66266370288747,10.248110061177238,12,0.07022404670715332,0.9297759532928467
706,7229,200.0,274.5851402240168,7.878495836702968,12,0.06759855151176453,0.9324014782905579
707,7239,200.0,276.22500978440513,3.005325805404443,12,0.06130905821919441,0.938691258430481
708,7249,200.0,271.62641291465934,10.101738196464336,29,0.07350791245698929,0.9264925718307495
709,7260,200.0,278.98694659015536,7.747880555759063,11,0.06786399334669113,0.9321363568305969
710,7270,200.0,274.86910640039406,10.22758206689869,27,0.0735417902469635,0.9264583587646484
711,7280,200.0,278.59484951562627,10.151878510192816,22,0.07461483776569366,0.925385594367981
712,7290,200.0,247.33155954053169,7.837180423683817,11,0.06546157598495483,0.9345386624336243
713,7301,200.0,277.2724265681239,7.812313641873145,9,0.07909410446882248,0.9209065437316895
714,7311,200.0,275.82136196178146,13.683422067036178,13,0.08975809812545776,0.9102424383163452
715,7321,200.0,277.26842954910654,22.202029921282744,30,0.08465978503227234,0.9153413772583008
716,7331,200.0,277.49399357603113,17.95616080935613,23,0.08662357926368713,0.9133774042129517
717,7342,200.0,261.62315372178716,35.21034571450477,48,0.15005312860012054,0.8499481081962585
718,7352,200.0,276.4383874117669,18.861707275365752,33,0.10600379854440689,0.89399653673172
719,7362,200.0,273.4874064810457,17.416592503165923,13,0.07931333780288696,0.9206870794296265
720,7372,200.0,276.9604684277564,6.834773000536741,4,0.07356879860162735,0.9264313578605652
721,7383,200.0,270.1899120990696,17.276289793559318,25,0.09377565234899521,0.9062245488166809
722,7393,200.0,281.58124441759395,11.105149683975698,8,0.08153221011161804,0.9184681177139282
723,7403,200.0,273.5435618752334,12.354727125203258,35,0.09159398823976517,0.9084062576293945
724,7413,200.0,269.89381450722146,15.084077834803887,51,0.10979802906513214,0.8902021646499634
725,7424,200.0,282.961172512545,14.260251289490387,21,0.07352571934461594,0.9264744520187378
726,7434,200.0,275.2334345306825,20.420980955362765,33,0.0916910246014595,0.9083097577095032
727,7444,200.0,275.9257940220782,15.120737196994144,29,0.07862711697816849,0.9213733077049255
728,7454,200.0,273.71155097686477,19.751486760192368,28,0.0922664925456047,0.907733678817749
729,7464,200.0,283.379355933132,13.976582529285242,14,0.06788849830627441,0.9321117401123047
730,7475,200.0,277.21408609840785,14.55076773514769,28,0.07802069187164307,0.9219796061515808
731,7485,200.0,275.90935918980756,21.18139712346218,36,0.08092596381902695,0.9190748929977417
732,7495,200.0,286.183500825915,11.353347966105432,18,0.06395617127418518,0.9360442161560059
733,7505,200.0,277.9449571025954,17.800882193836205,32,0.06402181833982468,0.9359785318374634
